{"pred_nmse": 0.06755241751670837, "pers_nmse": 0.09047918021678925, "channel_sweep": {"0": {"ls": 1.002699851989746, "mmse": 0.03436270356178284, "sswm": 0.09411932528018951}, "5": {"ls": 0.31467267870903015, "mmse": 0.014715059660375118, "sswm": 0.019202817231416702}, "10": {"ls": 0.09959953278303146, "mmse": 0.0072242324240505695, "sswm": 0.006219713483005762}, "15": {"ls": 0.03147926926612854, "mmse": 0.00388983148150146, "sswm": 0.0024955475237220526}, "20": {"ls": 0.009957793168723583, "mmse": 0.002287444658577442, "sswm": 0.0012435143580660224}}}