{"pred_nmse": 0.050271175801754, "pers_nmse": 0.07183010131120682, "channel_sweep": {"0": {"ls": 1.0021651983261108, "mmse": 0.03722454234957695, "sswm": 0.17235548794269562}, "5": {"ls": 0.317210853099823, "mmse": 0.015953360125422478, "sswm": 0.04073839262127876}, "10": {"ls": 0.09987255185842514, "mmse": 0.007941721007227898, "sswm": 0.012805619277060032}, "15": {"ls": 0.03183058649301529, "mmse": 0.00436035543680191, "sswm": 0.004450408276170492}, "20": {"ls": 0.009924010373651981, "mmse": 0.002585522597655654, "sswm": 0.0017955265939235687}}}